{
"lengthUnit": "mil",
"remark": [],
"components": {
	"fields": ["COMPONENT_NO", "COMPONENT_NAME", "LAYER", "X_COORDINATE", "Y_COORDINATE", "ANGLE"],
	"rows": [
		[1, "H1", "T", 112.874, -436.8499, 90],
		[2, "LED1", "T", 855, -435, 90],
		[3, "R1", "T", 425.785, -486.8499, 0],
		[4, "SW1", "T", 185, -780, 90],
		[5, "PAD1", "T", 112.874, -486.8499, 0],
		[6, "PAD1", "B", 112.874, -486.8499, 0],
		[7, "PAD2", "T", 112.874, -386.8499, 0],
		[8, "PAD2", "B", 112.874, -386.8499, 0],
		[9, "PAD3", "T", 284.055, -486.8499, 0],
		[10, "PAD3", "B", 284.055, -486.8499, 0],
		[11, "PAD4", "T", 567.515, -486.8499, 0],
		[12, "PAD4", "B", 567.515, -486.8499, 0],
		[13, "PAD5", "T", 108.23, -652.05, 0],
		[14, "PAD5", "B", 108.23, -652.05, 0],
		[15, "PAD6", "T", 261.77, -907.95, 0],
		[16, "PAD6", "B", 261.77, -907.95, 0],
		[17, "PAD7", "T", 855, -485, 0],
		[18, "PAD7", "B", 855, -485, 0],
		[19, "PAD8", "T", 855, -385, 0],
		[20, "PAD8", "B", 855, -385, 0]
	]
},
"pins": {
	"fields": ["PIN_NO", "PIN_NAME", "PIN_X", "PIN_Y", "LAYER", "PIN_TYPE", "NET_NAME", "NET_TYPE", "PAD_SHAPE", "PAD_SIZEX", "PAD_SIZEY", "HOLE_SIZE", "HOLE_LEN", "PAD_ANGLE"],
	"rows": [
		[1, "H1_1", 112.874, -486.8499, "T", "DIP", "$1N165", "", "R", 66.929, 66.929, 39.37, 39.37, 90],
		[2, "H1_1", 112.874, -486.8499, "B", "DIP", "$1N165", "", "R", 66.929, 66.929, 39.37, 39.37, 90],
		[3, "H1_2", 112.874, -386.8499, "T", "DIP", "$1N239", "", "C", 66.929, 66.929, 39.37, 39.37, 90],
		[4, "H1_2", 112.874, -386.8499, "B", "DIP", "$1N239", "", "C", 66.929, 66.929, 39.37, 39.37, 90],
		[5, "LED1_1", 855, -485, "T", "DIP", "$1N304", "", "C", 60, 60, 35.434, 35.434, 90],
		[6, "LED1_1", 855, -485, "B", "DIP", "$1N304", "", "C", 60, 60, 35.434, 35.434, 90],
		[7, "LED1_2", 855, -385, "T", "DIP", "$1N239", "", "C", 60, 60, 35.434, 35.434, 90],
		[8, "LED1_2", 855, -385, "B", "DIP", "$1N239", "", "C", 60, 60, 35.434, 35.434, 90],
		[9, "R1_1", 284.055, -486.8499, "T", "DIP", "$1N165", "", "C", 47.244, 47.244, 31.496, 31.496, 0],
		[10, "R1_1", 284.055, -486.8499, "B", "DIP", "$1N165", "", "C", 47.244, 47.244, 31.496, 31.496, 0],
		[11, "R1_2", 567.515, -486.8499, "T", "DIP", "$1N271", "", "C", 47.244, 47.244, 31.496, 31.496, 0],
		[12, "R1_2", 567.515, -486.8499, "B", "DIP", "$1N271", "", "C", 47.244, 47.244, 31.496, 31.496, 0],
		[13, "SW1_1", 108.23, -907.95, "T", "DIP", "NET_1", "", "C", 78.74, 78.74, 47.24, 47.24, 270],
		[14, "SW1_1", 108.23, -907.95, "B", "DIP", "NET_1", "", "C", 78.74, 78.74, 47.24, 47.24, 270],
		[15, "SW1_2", 108.23, -652.05, "T", "DIP", "$1N271", "", "C", 78.74, 78.74, 47.24, 47.24, 270],
		[16, "SW1_2", 108.23, -652.05, "B", "DIP", "$1N271", "", "C", 78.74, 78.74, 47.24, 47.24, 270],
		[17, "SW1_3", 261.77, -907.95, "T", "DIP", "$1N304", "", "C", 78.74, 78.74, 47.24, 47.24, 270],
		[18, "SW1_3", 261.77, -907.95, "B", "DIP", "$1N304", "", "C", 78.74, 78.74, 47.24, 47.24, 270],
		[19, "SW1_4", 261.77, -652.05, "T", "DIP", "NET_2", "", "C", 78.74, 78.74, 47.24, 47.24, 270],
		[20, "SW1_4", 261.77, -652.05, "B", "DIP", "NET_2", "", "C", 78.74, 78.74, 47.24, 47.24, 270],
		[21, "PAD1_1", 112.874, -486.8499, "T", "DIP", "$1N165", "", "R", 66.929, 66.929, 39.37, 39.37, 90],
		[22, "PAD1_1", 112.874, -486.8499, "B", "DIP", "$1N165", "", "R", 66.929, 66.929, 39.37, 39.37, 90],
		[23, "PAD2_2", 112.874, -386.8499, "T", "DIP", "$1N239", "", "C", 66.929, 66.929, 39.37, 39.37, 90],
		[24, "PAD2_2", 112.874, -386.8499, "B", "DIP", "$1N239", "", "C", 66.929, 66.929, 39.37, 39.37, 90],
		[25, "PAD3_1", 284.055, -486.8499, "T", "DIP", "$1N165", "", "C", 47.244, 47.244, 31.496, 31.496, 0],
		[26, "PAD3_1", 284.055, -486.8499, "B", "DIP", "$1N165", "", "C", 47.244, 47.244, 31.496, 31.496, 0],
		[27, "PAD4_2", 567.515, -486.8499, "T", "DIP", "$1N271", "", "C", 47.244, 47.244, 31.496, 31.496, 0],
		[28, "PAD4_2", 567.515, -486.8499, "B", "DIP", "$1N271", "", "C", 47.244, 47.244, 31.496, 31.496, 0],
		[29, "PAD5_2", 108.23, -652.05, "T", "DIP", "$1N271", "", "C", 78.74, 78.74, 47.24, 47.24, 270],
		[30, "PAD5_2", 108.23, -652.05, "B", "DIP", "$1N271", "", "C", 78.74, 78.74, 47.24, 47.24, 270],
		[31, "PAD6_3", 261.77, -907.95, "T", "DIP", "$1N304", "", "C", 78.74, 78.74, 47.24, 47.24, 270],
		[32, "PAD6_3", 261.77, -907.95, "B", "DIP", "$1N304", "", "C", 78.74, 78.74, 47.24, 47.24, 270],
		[33, "PAD7_1", 855, -485, "T", "DIP", "$1N304", "", "C", 60, 60, 35.434, 35.434, 90],
		[34, "PAD7_1", 855, -485, "B", "DIP", "$1N304", "", "C", 60, 60, 35.434, 35.434, 90],
		[35, "PAD8_2", 855, -385, "T", "DIP", "$1N239", "", "C", 60, 60, 35.434, 35.434, 90],
		[36, "PAD8_2", 855, -385, "B", "DIP", "$1N239", "", "C", 60, 60, 35.434, 35.434, 90]
	]
}
}