{
"lengthUnit": "mil",
"remark": [],
"components": {
	"fields": ["COMPONENT_NO", "COMPONENT_NAME", "LAYER", "X_COORDINATE", "Y_COORDINATE", "ANGLE"],
	"rows": [
		[1, "H1", "T", 55, -240, 90],
		[2, "LED1", "T", 310, -725, 180],
		[3, "LED2", "T", 525, -720, 0],
		[4, "PR1", "T", 100, -580, 90],
		[5, "Q1", "T", 205, -215, 270],
		[6, "R1", "T", 455, -215, 270],
		[7, "R2", "T", 380, -455, 0],
		[8, "R3", "T", 385, -575, 0],
		[9, "PAD1", "T", 55, -290, 0],
		[10, "PAD1", "B", 55, -290, 0],
		[11, "PAD2", "T", 55, -190, 0],
		[12, "PAD2", "B", 55, -190, 0],
		[13, "PAD3", "T", 360, -725, 0],
		[14, "PAD3", "B", 360, -725, 0],
		[15, "PAD4", "T", 260, -725, 0],
		[16, "PAD4", "B", 260, -725, 0],
		[17, "PAD5", "T", 475, -720, 0],
		[18, "PAD5", "B", 475, -720, 0],
		[19, "PAD6", "T", 575, -720, 0],
		[20, "PAD6", "B", 575, -720, 0],
		[21, "PAD7", "T", 100, -579.995, 0],
		[22, "PAD7", "B", 100, -579.995, 0],
		[23, "PAD8", "T", 100, -678.425, 0],
		[24, "PAD8", "B", 100, -678.425, 0],
		[25, "PAD9", "T", 388.07, -215, 0],
		[26, "PAD9", "B", 388.07, -215, 0],
		[27, "PAD10", "T", 521.93, -215, 0],
		[28, "PAD10", "B", 521.93, -215, 0],
		[29, "PAD11", "T", 238.27, -455, 0],
		[30, "PAD11", "B", 238.27, -455, 0],
		[31, "PAD12", "T", 521.73, -455, 0],
		[32, "PAD12", "B", 521.73, -455, 0],
		[33, "PAD13", "T", 243.27, -575, 0],
		[34, "PAD13", "B", 243.27, -575, 0],
		[35, "PAD14", "T", 526.73, -575, 0],
		[36, "PAD14", "B", 526.73, -575, 0],
		[37, "PAD15", "T", 205, -265, 0],
		[38, "PAD15", "B", 205, -265, 0],
		[39, "PAD16", "T", 205, -215, 0],
		[40, "PAD16", "B", 205, -215, 0],
		[41, "PAD17", "T", 205, -165, 0],
		[42, "PAD17", "B", 205, -165, 0]
	]
},
"pins": {
	"fields": ["PIN_NO", "PIN_NAME", "PIN_X", "PIN_Y", "LAYER", "PIN_TYPE", "NET_NAME", "NET_TYPE", "PAD_SHAPE", "PAD_SIZEX", "PAD_SIZEY", "HOLE_SIZE", "HOLE_LEN", "PAD_ANGLE"],
	"rows": [
		[1, "H1_1", 55, -290, "T", "DIP", "$1N843", "", "R", 66.929, 66.929, 39.37, 39.37, 90],
		[2, "H1_1", 55, -290, "B", "DIP", "$1N843", "", "R", 66.929, 66.929, 39.37, 39.37, 90],
		[3, "H1_2", 55, -190, "T", "DIP", "$1N405", "", "C", 66.929, 66.929, 39.37, 39.37, 90],
		[4, "H1_2", 55, -190, "B", "DIP", "$1N405", "", "C", 66.929, 66.929, 39.37, 39.37, 90],
		[5, "LED1_1", 360, -725, "T", "DIP", "$1N347", "", "C", 60, 60, 36, 36, 180],
		[6, "LED1_1", 360, -725, "B", "DIP", "$1N347", "", "C", 60, 60, 36, 36, 180],
		[7, "LED1_2", 260, -725, "T", "DIP", "$1N405", "", "C", 60, 60, 36, 36, 180],
		[8, "LED1_2", 260, -725, "B", "DIP", "$1N405", "", "C", 60, 60, 36, 36, 180],
		[9, "LED2_1", 475, -720, "T", "DIP", "$1N373", "", "C", 60, 60, 36, 36, 0],
		[10, "LED2_1", 475, -720, "B", "DIP", "$1N373", "", "C", 60, 60, 36, 36, 0],
		[11, "LED2_2", 575, -720, "T", "DIP", "$1N405", "", "C", 60, 60, 36, 36, 0],
		[12, "LED2_2", 575, -720, "B", "DIP", "$1N405", "", "C", 60, 60, 36, 36, 0],
		[13, "PR1_1", 100, -678.425, "T", "DIP", "$1N843", "", "C", 60, 60, 30, 30, 90],
		[14, "PR1_1", 100, -678.425, "B", "DIP", "$1N843", "", "C", 60, 60, 30, 30, 90],
		[15, "PR1_2", 100, -579.995, "T", "DIP", "$1N628", "", "C", 60, 60, 30, 30, 90],
		[16, "PR1_2", 100, -579.995, "B", "DIP", "$1N628", "", "C", 60, 60, 30, 30, 90],
		[17, "PR1_3", 100, -481.575, "T", "DIP", "NET_1", "", "C", 60, 60, 30, 30, 90],
		[18, "PR1_3", 100, -481.575, "B", "DIP", "NET_1", "", "C", 60, 60, 30, 30, 90],
		[19, "Q1_1", 205, -165, "T", "DIP", "$1N628", "", "R", 35.433, 62.992, 27.56, 27.56, 270],
		[20, "Q1_1", 205, -165, "B", "DIP", "$1N628", "", "R", 35.433, 62.992, 27.56, 27.56, 270],
		[21, "Q1_2", 205, -215, "T", "DIP", "$1N556", "", "O", 35.433, 62.992, 27.56, 27.56, 270],
		[22, "Q1_2", 205, -215, "B", "DIP", "$1N556", "", "O", 35.433, 62.992, 27.56, 27.56, 270],
		[23, "Q1_3", 205, -265, "T", "DIP", "$1N843", "", "O", 35.433, 62.992, 27.56, 27.56, 270],
		[24, "Q1_3", 205, -265, "B", "DIP", "$1N843", "", "O", 35.433, 62.992, 27.56, 27.56, 270],
		[25, "R1_1", 521.93, -215, "T", "DIP", "$1N405", "", "C", 60, 60, 30, 30, 180],
		[26, "R1_1", 521.93, -215, "B", "DIP", "$1N405", "", "C", 60, 60, 30, 30, 180],
		[27, "R1_2", 388.07, -215, "T", "DIP", "$1N628", "", "C", 60, 60, 30, 30, 180],
		[28, "R1_2", 388.07, -215, "B", "DIP", "$1N628", "", "C", 60, 60, 30, 30, 180],
		[29, "R2_1", 238.27, -455, "T", "DIP", "$1N556", "", "C", 47.244, 47.244, 31.496, 31.496, 0],
		[30, "R2_1", 238.27, -455, "B", "DIP", "$1N556", "", "C", 47.244, 47.244, 31.496, 31.496, 0],
		[31, "R2_2", 521.73, -455, "T", "DIP", "$1N347", "", "C", 47.244, 47.244, 31.496, 31.496, 0],
		[32, "R2_2", 521.73, -455, "B", "DIP", "$1N347", "", "C", 47.244, 47.244, 31.496, 31.496, 0],
		[33, "R3_1", 243.27, -575, "T", "DIP", "$1N556", "", "C", 47.244, 47.244, 31.496, 31.496, 0],
		[34, "R3_1", 243.27, -575, "B", "DIP", "$1N556", "", "C", 47.244, 47.244, 31.496, 31.496, 0],
		[35, "R3_2", 526.73, -575, "T", "DIP", "$1N373", "", "C", 47.244, 47.244, 31.496, 31.496, 0],
		[36, "R3_2", 526.73, -575, "B", "DIP", "$1N373", "", "C", 47.244, 47.244, 31.496, 31.496, 0],
		[37, "PAD1_1", 55, -290, "T", "DIP", "$1N843", "", "R", 66.929, 66.929, 39.37, 39.37, 90],
		[38, "PAD1_1", 55, -290, "B", "DIP", "$1N843", "", "R", 66.929, 66.929, 39.37, 39.37, 90],
		[39, "PAD2_2", 55, -190, "T", "DIP", "$1N405", "", "C", 66.929, 66.929, 39.37, 39.37, 90],
		[40, "PAD2_2", 55, -190, "B", "DIP", "$1N405", "", "C", 66.929, 66.929, 39.37, 39.37, 90],
		[41, "PAD3_1", 360, -725, "T", "DIP", "$1N347", "", "C", 60, 60, 36, 36, 180],
		[42, "PAD3_1", 360, -725, "B", "DIP", "$1N347", "", "C", 60, 60, 36, 36, 180],
		[43, "PAD4_2", 260, -725, "T", "DIP", "$1N405", "", "C", 60, 60, 36, 36, 180],
		[44, "PAD4_2", 260, -725, "B", "DIP", "$1N405", "", "C", 60, 60, 36, 36, 180],
		[45, "PAD5_1", 475, -720, "T", "DIP", "$1N373", "", "C", 60, 60, 36, 36, 0],
		[46, "PAD5_1", 475, -720, "B", "DIP", "$1N373", "", "C", 60, 60, 36, 36, 0],
		[47, "PAD6_2", 575, -720, "T", "DIP", "$1N405", "", "C", 60, 60, 36, 36, 0],
		[48, "PAD6_2", 575, -720, "B", "DIP", "$1N405", "", "C", 60, 60, 36, 36, 0],
		[49, "PAD7_2", 100, -579.995, "T", "DIP", "$1N628", "", "C", 60, 60, 30, 30, 90],
		[50, "PAD7_2", 100, -579.995, "B", "DIP", "$1N628", "", "C", 60, 60, 30, 30, 90],
		[51, "PAD8_1", 100, -678.425, "T", "DIP", "$1N843", "", "C", 60, 60, 30, 30, 90],
		[52, "PAD8_1", 100, -678.425, "B", "DIP", "$1N843", "", "C", 60, 60, 30, 30, 90],
		[53, "PAD9_2", 388.07, -215, "T", "DIP", "$1N628", "", "C", 60, 60, 30, 30, 180],
		[54, "PAD9_2", 388.07, -215, "B", "DIP", "$1N628", "", "C", 60, 60, 30, 30, 180],
		[55, "PAD10_1", 521.93, -215, "T", "DIP", "$1N405", "", "C", 60, 60, 30, 30, 180],
		[56, "PAD10_1", 521.93, -215, "B", "DIP", "$1N405", "", "C", 60, 60, 30, 30, 180],
		[57, "PAD11_1", 238.27, -455, "T", "DIP", "$1N556", "", "C", 47.244, 47.244, 31.496, 31.496, 0],
		[58, "PAD11_1", 238.27, -455, "B", "DIP", "$1N556", "", "C", 47.244, 47.244, 31.496, 31.496, 0],
		[59, "PAD12_2", 521.73, -455, "T", "DIP", "$1N347", "", "C", 47.244, 47.244, 31.496, 31.496, 0],
		[60, "PAD12_2", 521.73, -455, "B", "DIP", "$1N347", "", "C", 47.244, 47.244, 31.496, 31.496, 0],
		[61, "PAD13_1", 243.27, -575, "T", "DIP", "$1N556", "", "C", 47.244, 47.244, 31.496, 31.496, 0],
		[62, "PAD13_1", 243.27, -575, "B", "DIP", "$1N556", "", "C", 47.244, 47.244, 31.496, 31.496, 0],
		[63, "PAD14_2", 526.73, -575, "T", "DIP", "$1N373", "", "C", 47.244, 47.244, 31.496, 31.496, 0],
		[64, "PAD14_2", 526.73, -575, "B", "DIP", "$1N373", "", "C", 47.244, 47.244, 31.496, 31.496, 0],
		[65, "PAD15_3", 205, -265, "T", "DIP", "$1N843", "", "O", 35.433, 62.992, 27.56, 27.56, 270],
		[66, "PAD15_3", 205, -265, "B", "DIP", "$1N843", "", "O", 35.433, 62.992, 27.56, 27.56, 270],
		[67, "PAD16_2", 205, -215, "T", "DIP", "$1N556", "", "O", 35.433, 62.992, 27.56, 27.56, 270],
		[68, "PAD16_2", 205, -215, "B", "DIP", "$1N556", "", "O", 35.433, 62.992, 27.56, 27.56, 270],
		[69, "PAD17_1", 205, -165, "T", "DIP", "$1N628", "", "R", 35.433, 62.992, 27.56, 27.56, 270],
		[70, "PAD17_1", 205, -165, "B", "DIP", "$1N628", "", "R", 35.433, 62.992, 27.56, 27.56, 270]
	]
}
}