{
"lengthUnit": "mil",
"remark": [],
"components": {
	"fields": ["COMPONENT_NO", "COMPONENT_NAME", "LAYER", "X_COORDINATE", "Y_COORDINATE", "ANGLE"],
	"rows": [
		[1, "H1", "T", 255, -325, 0],
		[2, "LED1", "T", 675, -200, 0],
		[3, "PR1", "T", 250, -20, 90],
		[4, "R1", "T", 480, -255, 90],
		[5, "SW1", "T", 235, -600, 270],
		[6, "U1", "T", 725, -525, 90],
		[7, "U2", "T", 670, 45, 90],
		[8, "U3", "T", 505, 50, 90],
		[9, "PAD1", "T", 205, -325, 0],
		[10, "PAD1", "B", 205, -325, 0],
		[11, "PAD2", "T", 305, -325, 0],
		[12, "PAD2", "B", 305, -325, 0],
		[13, "PAD3", "T", 625, -200, 0],
		[14, "PAD3", "B", 625, -200, 0],
		[15, "PAD4", "T", 725, -200, 0],
		[16, "PAD4", "B", 725, -200, 0],
		[17, "PAD5", "T", 250, -118.425, 0],
		[18, "PAD5", "B", 250, -118.425, 0],
		[19, "PAD6", "T", 250, 78.425, 0],
		[20, "PAD6", "B", 250, 78.425, 0],
		[21, "PAD7", "T", 480, -396.73, 0],
		[22, "PAD7", "B", 480, -396.73, 0],
		[23, "PAD8", "T", 480, -113.27, 0],
		[24, "PAD8", "B", 480, -113.27, 0],
		[25, "PAD9", "T", 235.002, -678.74, 0],
		[26, "PAD9", "B", 235.002, -678.74, 0],
		[27, "PAD10", "T", 235.002, -600, 0],
		[28, "PAD10", "B", 235.002, -600, 0],
		[29, "PAD11", "T", 875, -675, 0],
		[30, "PAD11", "B", 875, -675, 0],
		[31, "PAD12", "T", 875, -575, 0],
		[32, "PAD12", "B", 875, -575, 0],
		[33, "PAD13", "T", 875, -475, 0],
		[34, "PAD13", "B", 875, -475, 0],
		[35, "PAD14", "T", 875, -375, 0],
		[36, "PAD14", "B", 875, -375, 0],
		[37, "PAD15", "T", 575, -375, 0],
		[38, "PAD15", "B", 575, -375, 0],
		[39, "PAD16", "T", 575, -575, 0],
		[40, "PAD16", "B", 575, -575, 0],
		[41, "PAD17", "T", 575, -675, 0],
		[42, "PAD17", "B", 575, -675, 0],
		[43, "PAD18", "T", 575, -475, 0],
		[44, "PAD18", "B", 575, -475, 0],
		[45, "PAD19", "T", 630.63, -55, 0],
		[46, "PAD19", "B", 630.63, -55, 0],
		[47, "PAD20", "T", 709.37, 145, 0],
		[48, "PAD20", "B", 709.37, 145, 0],
		[49, "PAD21", "T", 465.63, -50, 0],
		[50, "PAD21", "B", 465.63, -50, 0],
		[51, "PAD22", "T", 544.37, 150, 0],
		[52, "PAD22", "B", 544.37, 150, 0]
	]
},
"pins": {
	"fields": ["PIN_NO", "PIN_NAME", "PIN_X", "PIN_Y", "LAYER", "PIN_TYPE", "NET_NAME", "NET_TYPE", "PAD_SHAPE", "PAD_SIZEX", "PAD_SIZEY", "HOLE_SIZE", "HOLE_LEN", "PAD_ANGLE"],
	"rows": [
		[1, "H1_1", 205, -325, "T", "DIP", "$1N347", "", "R", 66.929, 66.929, 39.37, 39.37, 0],
		[2, "H1_1", 205, -325, "B", "DIP", "$1N347", "", "R", 66.929, 66.929, 39.37, 39.37, 0],
		[3, "H1_2", 305, -325, "T", "DIP", "$1N457", "", "C", 66.929, 66.929, 39.37, 39.37, 0],
		[4, "H1_2", 305, -325, "B", "DIP", "$1N457", "", "C", 66.929, 66.929, 39.37, 39.37, 0],
		[5, "LED1_1", 625, -200, "T", "DIP", "$1N427", "", "C", 60, 60, 35.434, 35.434, 0],
		[6, "LED1_1", 625, -200, "B", "DIP", "$1N427", "", "C", 60, 60, 35.434, 35.434, 0],
		[7, "LED1_2", 725, -200, "T", "DIP", "$1N457", "", "C", 60, 60, 35.434, 35.434, 0],
		[8, "LED1_2", 725, -200, "B", "DIP", "$1N457", "", "C", 60, 60, 35.434, 35.434, 0],
		[9, "PR1_1", 250, -118.425, "T", "DIP", "$1N484", "", "C", 60, 60, 30, 30, 90],
		[10, "PR1_1", 250, -118.425, "B", "DIP", "$1N484", "", "C", 60, 60, 30, 30, 90],
		[11, "PR1_2", 250, -19.995, "T", "DIP", "NET_1", "", "C", 60, 60, 30, 30, 90],
		[12, "PR1_2", 250, -19.995, "B", "DIP", "NET_1", "", "C", 60, 60, 30, 30, 90],
		[13, "PR1_3", 250, 78.425, "T", "DIP", "$1N594", "", "C", 60, 60, 30, 30, 90],
		[14, "PR1_3", 250, 78.425, "B", "DIP", "$1N594", "", "C", 60, 60, 30, 30, 90],
		[15, "R1_1", 480, -396.73, "T", "DIP", "$1N351", "", "C", 47.244, 47.244, 31.496, 31.496, 90],
		[16, "R1_1", 480, -396.73, "B", "DIP", "$1N351", "", "C", 47.244, 47.244, 31.496, 31.496, 90],
		[17, "R1_2", 480, -113.27, "T", "DIP", "$1N594", "", "C", 47.244, 47.244, 31.496, 31.496, 90],
		[18, "R1_2", 480, -113.27, "B", "DIP", "$1N594", "", "C", 47.244, 47.244, 31.496, 31.496, 90],
		[19, "SW1_1", 235.002, -521.26, "T", "DIP", "NET_2", "", "O", 62.99, 62.992, 39.37, 39.37, 270],
		[20, "SW1_1", 235.002, -521.26, "B", "DIP", "NET_2", "", "O", 62.99, 62.992, 39.37, 39.37, 270],
		[21, "SW1_2", 235.002, -600, "T", "DIP", "$1N347", "", "O", 62.99, 62.992, 39.37, 39.37, 270],
		[22, "SW1_2", 235.002, -600, "B", "DIP", "$1N347", "", "O", 62.99, 62.992, 39.37, 39.37, 270],
		[23, "SW1_3", 235.002, -678.74, "T", "DIP", "$1N351", "", "O", 62.99, 62.992, 39.37, 39.37, 270],
		[24, "SW1_3", 235.002, -678.74, "B", "DIP", "$1N351", "", "O", 62.99, 62.992, 39.37, 39.37, 270],
		[25, "SW1_4", 235.002, -763.39, "T", "DIP", "NET_3", "", "O", 102.362, 78.74, 39.37, 55.118, 180],
		[26, "SW1_4", 235.002, -763.39, "B", "DIP", "NET_3", "", "O", 102.362, 78.74, 39.37, 55.118, 180],
		[27, "SW1_5", 235.002, -436.61, "T", "DIP", "NET_4", "", "O", 102.362, 78.74, 39.37, 55.118, 180],
		[28, "SW1_5", 235.002, -436.61, "B", "DIP", "NET_4", "", "O", 102.362, 78.74, 39.37, 55.118, 180],
		[29, "U1_1", 875, -675, "T", "DIP", "$1N457", "", "C", 70.866, 70.866, 39.37, 39.37, 90],
		[30, "U1_1", 875, -675, "B", "DIP", "$1N457", "", "C", 70.866, 70.866, 39.37, 39.37, 90],
		[31, "U1_2", 875, -575, "T", "DIP", "$1N484", "", "C", 70.866, 70.866, 39.37, 39.37, 90],
		[32, "U1_2", 875, -575, "B", "DIP", "$1N484", "", "C", 70.866, 70.866, 39.37, 39.37, 90],
		[33, "U1_3", 875, -475, "T", "DIP", "$1N427", "", "C", 70.866, 70.866, 39.37, 39.37, 90],
		[34, "U1_3", 875, -475, "B", "DIP", "$1N427", "", "C", 70.866, 70.866, 39.37, 39.37, 90],
		[35, "U1_4", 875, -375, "T", "DIP", "$1N351", "", "C", 70.866, 70.866, 39.37, 39.37, 90],
		[36, "U1_4", 875, -375, "B", "DIP", "$1N351", "", "C", 70.866, 70.866, 39.37, 39.37, 90],
		[37, "U1_5", 575, -375, "T", "DIP", "$1N650", "", "C", 75, 75, 39.37, 39.37, 90],
		[38, "U1_5", 575, -375, "B", "DIP", "$1N650", "", "C", 75, 75, 39.37, 39.37, 90],
		[39, "U1_6", 575, -475, "T", "DIP", "$1N484", "", "C", 75, 75, 39.37, 39.37, 90],
		[40, "U1_6", 575, -475, "B", "DIP", "$1N484", "", "C", 75, 75, 39.37, 39.37, 90],
		[41, "U1_7", 575, -575, "T", "DIP", "$1N594", "", "C", 70.866, 70.866, 39.37, 39.37, 90],
		[42, "U1_7", 575, -575, "B", "DIP", "$1N594", "", "C", 70.866, 70.866, 39.37, 39.37, 90],
		[43, "U1_8", 575, -675, "T", "DIP", "$1N351", "", "C", 70.866, 70.866, 39.37, 39.37, 90],
		[44, "U1_8", 575, -675, "B", "DIP", "$1N351", "", "C", 70.866, 70.866, 39.37, 39.37, 90],
		[45, "U2_1", 630.63, -55, "T", "DIP", "$1N484", "", "C", 57.087, 57.087, 33.464, 33.464, 90],
		[46, "U2_1", 630.63, -55, "B", "DIP", "$1N484", "", "C", 57.087, 57.087, 33.464, 33.464, 90],
		[47, "U2_2", 709.37, 145, "T", "DIP", "$1N457", "", "C", 57.087, 57.087, 33.464, 33.464, 90],
		[48, "U2_2", 709.37, 145, "B", "DIP", "$1N457", "", "C", 57.087, 57.087, 33.464, 33.464, 90],
		[49, "U3_1", 465.63, -50, "T", "DIP", "$1N650", "", "C", 57.087, 57.087, 33.464, 33.464, 90],
		[50, "U3_1", 465.63, -50, "B", "DIP", "$1N650", "", "C", 57.087, 57.087, 33.464, 33.464, 90],
		[51, "U3_2", 544.37, 150, "T", "DIP", "$1N457", "", "C", 57.087, 57.087, 33.464, 33.464, 90],
		[52, "U3_2", 544.37, 150, "B", "DIP", "$1N457", "", "C", 57.087, 57.087, 33.464, 33.464, 90],
		[53, "PAD1_1", 205, -325, "T", "DIP", "$1N347", "", "R", 66.929, 66.929, 39.37, 39.37, 0],
		[54, "PAD1_1", 205, -325, "B", "DIP", "$1N347", "", "R", 66.929, 66.929, 39.37, 39.37, 0],
		[55, "PAD2_2", 305, -325, "T", "DIP", "$1N457", "", "C", 66.929, 66.929, 39.37, 39.37, 0],
		[56, "PAD2_2", 305, -325, "B", "DIP", "$1N457", "", "C", 66.929, 66.929, 39.37, 39.37, 0],
		[57, "PAD3_1", 625, -200, "T", "DIP", "$1N427", "", "C", 60, 60, 35.434, 35.434, 0],
		[58, "PAD3_1", 625, -200, "B", "DIP", "$1N427", "", "C", 60, 60, 35.434, 35.434, 0],
		[59, "PAD4_2", 725, -200, "T", "DIP", "$1N457", "", "C", 60, 60, 35.434, 35.434, 0],
		[60, "PAD4_2", 725, -200, "B", "DIP", "$1N457", "", "C", 60, 60, 35.434, 35.434, 0],
		[61, "PAD5_1", 250, -118.425, "T", "DIP", "$1N484", "", "C", 60, 60, 30, 30, 90],
		[62, "PAD5_1", 250, -118.425, "B", "DIP", "$1N484", "", "C", 60, 60, 30, 30, 90],
		[63, "PAD6_3", 250, 78.425, "T", "DIP", "$1N594", "", "C", 60, 60, 30, 30, 90],
		[64, "PAD6_3", 250, 78.425, "B", "DIP", "$1N594", "", "C", 60, 60, 30, 30, 90],
		[65, "PAD7_1", 480, -396.73, "T", "DIP", "$1N351", "", "C", 47.244, 47.244, 31.496, 31.496, 90],
		[66, "PAD7_1", 480, -396.73, "B", "DIP", "$1N351", "", "C", 47.244, 47.244, 31.496, 31.496, 90],
		[67, "PAD8_2", 480, -113.27, "T", "DIP", "$1N594", "", "C", 47.244, 47.244, 31.496, 31.496, 90],
		[68, "PAD8_2", 480, -113.27, "B", "DIP", "$1N594", "", "C", 47.244, 47.244, 31.496, 31.496, 90],
		[69, "PAD9_3", 235.002, -678.74, "T", "DIP", "$1N351", "", "O", 62.99, 62.992, 39.37, 39.37, 270],
		[70, "PAD9_3", 235.002, -678.74, "B", "DIP", "$1N351", "", "O", 62.99, 62.992, 39.37, 39.37, 270],
		[71, "PAD10_2", 235.002, -600, "T", "DIP", "$1N347", "", "O", 62.99, 62.992, 39.37, 39.37, 270],
		[72, "PAD10_2", 235.002, -600, "B", "DIP", "$1N347", "", "O", 62.99, 62.992, 39.37, 39.37, 270],
		[73, "PAD11_1", 875, -675, "T", "DIP", "$1N457", "", "C", 70.866, 70.866, 39.37, 39.37, 90],
		[74, "PAD11_1", 875, -675, "B", "DIP", "$1N457", "", "C", 70.866, 70.866, 39.37, 39.37, 90],
		[75, "PAD12_2", 875, -575, "T", "DIP", "$1N484", "", "C", 70.866, 70.866, 39.37, 39.37, 90],
		[76, "PAD12_2", 875, -575, "B", "DIP", "$1N484", "", "C", 70.866, 70.866, 39.37, 39.37, 90],
		[77, "PAD13_3", 875, -475, "T", "DIP", "$1N427", "", "C", 70.866, 70.866, 39.37, 39.37, 90],
		[78, "PAD13_3", 875, -475, "B", "DIP", "$1N427", "", "C", 70.866, 70.866, 39.37, 39.37, 90],
		[79, "PAD14_4", 875, -375, "T", "DIP", "$1N351", "", "C", 70.866, 70.866, 39.37, 39.37, 90],
		[80, "PAD14_4", 875, -375, "B", "DIP", "$1N351", "", "C", 70.866, 70.866, 39.37, 39.37, 90],
		[81, "PAD15_5", 575, -375, "T", "DIP", "$1N650", "", "C", 75, 75, 39.37, 39.37, 90],
		[82, "PAD15_5", 575, -375, "B", "DIP", "$1N650", "", "C", 75, 75, 39.37, 39.37, 90],
		[83, "PAD16_7", 575, -575, "T", "DIP", "$1N594", "", "C", 70.866, 70.866, 39.37, 39.37, 90],
		[84, "PAD16_7", 575, -575, "B", "DIP", "$1N594", "", "C", 70.866, 70.866, 39.37, 39.37, 90],
		[85, "PAD17_8", 575, -675, "T", "DIP", "$1N351", "", "C", 70.866, 70.866, 39.37, 39.37, 90],
		[86, "PAD17_8", 575, -675, "B", "DIP", "$1N351", "", "C", 70.866, 70.866, 39.37, 39.37, 90],
		[87, "PAD18_6", 575, -475, "T", "DIP", "$1N484", "", "C", 75, 75, 39.37, 39.37, 90],
		[88, "PAD18_6", 575, -475, "B", "DIP", "$1N484", "", "C", 75, 75, 39.37, 39.37, 90],
		[89, "PAD19_1", 630.63, -55, "T", "DIP", "$1N484", "", "C", 57.087, 57.087, 33.464, 33.464, 90],
		[90, "PAD19_1", 630.63, -55, "B", "DIP", "$1N484", "", "C", 57.087, 57.087, 33.464, 33.464, 90],
		[91, "PAD20_2", 709.37, 145, "T", "DIP", "$1N457", "", "C", 57.087, 57.087, 33.464, 33.464, 90],
		[92, "PAD20_2", 709.37, 145, "B", "DIP", "$1N457", "", "C", 57.087, 57.087, 33.464, 33.464, 90],
		[93, "PAD21_1", 465.63, -50, "T", "DIP", "$1N650", "", "C", 57.087, 57.087, 33.464, 33.464, 90],
		[94, "PAD21_1", 465.63, -50, "B", "DIP", "$1N650", "", "C", 57.087, 57.087, 33.464, 33.464, 90],
		[95, "PAD22_2", 544.37, 150, "T", "DIP", "$1N457", "", "C", 57.087, 57.087, 33.464, 33.464, 90],
		[96, "PAD22_2", 544.37, 150, "B", "DIP", "$1N457", "", "C", 57.087, 57.087, 33.464, 33.464, 90]
	]
}
}