{
"lengthUnit": "mil",
"remark": [],
"components": {
	"fields": ["COMPONENT_NO", "COMPONENT_NAME", "LAYER", "X_COORDINATE", "Y_COORDINATE", "ANGLE"],
	"rows": [
		[1, "H1", "T", 115, -275, 90],
		[2, "LED1", "T", 855, -275, 90],
		[3, "R1", "T", 405, -335, 0],
		[4, "SW1", "T", 5, -770, 270],
		[5, "PAD1", "T", 115, -325, 0],
		[6, "PAD1", "B", 115, -325, 0],
		[7, "PAD2", "T", 115, -225, 0],
		[8, "PAD2", "B", 115, -225, 0],
		[9, "PAD3", "T", 855, -325, 0],
		[10, "PAD3", "B", 855, -325, 0],
		[11, "PAD4", "T", 855, -225, 0],
		[12, "PAD4", "B", 855, -225, 0],
		[13, "PAD5", "T", 263.27, -335, 0],
		[14, "PAD5", "B", 263.27, -335, 0],
		[15, "PAD6", "T", 546.73, -335, 0],
		[16, "PAD6", "B", 546.73, -335, 0],
		[17, "PAD7", "T", 5.002, -848.74, 0],
		[18, "PAD7", "B", 5.002, -848.74, 0],
		[19, "PAD8", "T", 5.002, -770, 0],
		[20, "PAD8", "B", 5.002, -770, 0]
	]
},
"pins": {
	"fields": ["PIN_NO", "PIN_NAME", "PIN_X", "PIN_Y", "LAYER", "PIN_TYPE", "NET_NAME", "NET_TYPE", "PAD_SHAPE", "PAD_SIZEX", "PAD_SIZEY", "HOLE_SIZE", "HOLE_LEN", "PAD_ANGLE"],
	"rows": [
		[1, "H1_1", 115, -325, "T", "DIP", "$1N304", "", "R", 66.929, 66.929, 39.37, 39.37, 90],
		[2, "H1_1", 115, -325, "B", "DIP", "$1N304", "", "R", 66.929, 66.929, 39.37, 39.37, 90],
		[3, "H1_2", 115, -225, "T", "DIP", "$1N314", "", "C", 66.929, 66.929, 39.37, 39.37, 90],
		[4, "H1_2", 115, -225, "B", "DIP", "$1N314", "", "C", 66.929, 66.929, 39.37, 39.37, 90],
		[5, "LED1_1", 855, -325, "T", "DIP", "$1N309", "", "C", 60, 60, 35.434, 35.434, 90],
		[6, "LED1_1", 855, -325, "B", "DIP", "$1N309", "", "C", 60, 60, 35.434, 35.434, 90],
		[7, "LED1_2", 855, -225, "T", "DIP", "$1N314", "", "C", 60, 60, 35.434, 35.434, 90],
		[8, "LED1_2", 855, -225, "B", "DIP", "$1N314", "", "C", 60, 60, 35.434, 35.434, 90],
		[9, "R1_1", 263.27, -335, "T", "DIP", "$1N304", "", "C", 47.244, 47.244, 31.496, 31.496, 0],
		[10, "R1_1", 263.27, -335, "B", "DIP", "$1N304", "", "C", 47.244, 47.244, 31.496, 31.496, 0],
		[11, "R1_2", 546.73, -335, "T", "DIP", "$1N307", "", "C", 47.244, 47.244, 31.496, 31.496, 0],
		[12, "R1_2", 546.73, -335, "B", "DIP", "$1N307", "", "C", 47.244, 47.244, 31.496, 31.496, 0],
		[13, "SW1_1", 5.002, -691.26, "T", "DIP", "NET_1", "", "O", 62.99, 62.992, 39.37, 39.37, 270],
		[14, "SW1_1", 5.002, -691.26, "B", "DIP", "NET_1", "", "O", 62.99, 62.992, 39.37, 39.37, 270],
		[15, "SW1_2", 5.002, -770, "T", "DIP", "$1N307", "", "O", 62.99, 62.992, 39.37, 39.37, 270],
		[16, "SW1_2", 5.002, -770, "B", "DIP", "$1N307", "", "O", 62.99, 62.992, 39.37, 39.37, 270],
		[17, "SW1_3", 5.002, -848.74, "T", "DIP", "$1N309", "", "O", 62.99, 62.992, 39.37, 39.37, 270],
		[18, "SW1_3", 5.002, -848.74, "B", "DIP", "$1N309", "", "O", 62.99, 62.992, 39.37, 39.37, 270],
		[19, "SW1_4", 5.002, -933.39, "T", "DIP", "NET_2", "", "O", 102.362, 78.74, 39.37, 55.118, 180],
		[20, "SW1_4", 5.002, -933.39, "B", "DIP", "NET_2", "", "O", 102.362, 78.74, 39.37, 55.118, 180],
		[21, "SW1_5", 5.002, -606.61, "T", "DIP", "NET_3", "", "O", 102.362, 78.74, 39.37, 55.118, 180],
		[22, "SW1_5", 5.002, -606.61, "B", "DIP", "NET_3", "", "O", 102.362, 78.74, 39.37, 55.118, 180],
		[23, "PAD1_1", 115, -325, "T", "DIP", "$1N304", "", "R", 66.929, 66.929, 39.37, 39.37, 90],
		[24, "PAD1_1", 115, -325, "B", "DIP", "$1N304", "", "R", 66.929, 66.929, 39.37, 39.37, 90],
		[25, "PAD2_2", 115, -225, "T", "DIP", "$1N314", "", "C", 66.929, 66.929, 39.37, 39.37, 90],
		[26, "PAD2_2", 115, -225, "B", "DIP", "$1N314", "", "C", 66.929, 66.929, 39.37, 39.37, 90],
		[27, "PAD3_1", 855, -325, "T", "DIP", "$1N309", "", "C", 60, 60, 35.434, 35.434, 90],
		[28, "PAD3_1", 855, -325, "B", "DIP", "$1N309", "", "C", 60, 60, 35.434, 35.434, 90],
		[29, "PAD4_2", 855, -225, "T", "DIP", "$1N314", "", "C", 60, 60, 35.434, 35.434, 90],
		[30, "PAD4_2", 855, -225, "B", "DIP", "$1N314", "", "C", 60, 60, 35.434, 35.434, 90],
		[31, "PAD5_1", 263.27, -335, "T", "DIP", "$1N304", "", "C", 47.244, 47.244, 31.496, 31.496, 0],
		[32, "PAD5_1", 263.27, -335, "B", "DIP", "$1N304", "", "C", 47.244, 47.244, 31.496, 31.496, 0],
		[33, "PAD6_2", 546.73, -335, "T", "DIP", "$1N307", "", "C", 47.244, 47.244, 31.496, 31.496, 0],
		[34, "PAD6_2", 546.73, -335, "B", "DIP", "$1N307", "", "C", 47.244, 47.244, 31.496, 31.496, 0],
		[35, "PAD7_3", 5.002, -848.74, "T", "DIP", "$1N309", "", "O", 62.99, 62.992, 39.37, 39.37, 270],
		[36, "PAD7_3", 5.002, -848.74, "B", "DIP", "$1N309", "", "O", 62.99, 62.992, 39.37, 39.37, 270],
		[37, "PAD8_2", 5.002, -770, "T", "DIP", "$1N307", "", "O", 62.99, 62.992, 39.37, 39.37, 270],
		[38, "PAD8_2", 5.002, -770, "B", "DIP", "$1N307", "", "O", 62.99, 62.992, 39.37, 39.37, 270]
	]
}
}