{
"lengthUnit": "mil",
"remark": [],
"components": {
	"fields": ["COMPONENT_NO", "COMPONENT_NAME", "LAYER", "X_COORDINATE", "Y_COORDINATE", "ANGLE"],
	"rows": [
		[1, "H1", "T", -187.126, 148.15, 90],
		[2, "LED1", "T", 190, 145, 270],
		[3, "PAD1", "T", -187.126, 98.15, 0],
		[4, "PAD1", "B", -187.126, 98.15, 0],
		[5, "PAD2", "T", -187.126, 198.15, 0],
		[6, "PAD2", "B", -187.126, 198.15, 0],
		[7, "PAD3", "T", 190, 95, 0],
		[8, "PAD3", "B", 190, 95, 0],
		[9, "PAD4", "T", 190, 195, 0],
		[10, "PAD4", "B", 190, 195, 0]
	]
},
"pins": {
	"fields": ["PIN_NO", "PIN_NAME", "PIN_X", "PIN_Y", "LAYER", "PIN_TYPE", "NET_NAME", "NET_TYPE", "PAD_SHAPE", "PAD_SIZEX", "PAD_SIZEY", "HOLE_SIZE", "HOLE_LEN", "PAD_ANGLE"],
	"rows": [
		[1, "H1_1", -187.126, 98.15, "T", "DIP", "$1N244", "", "R", 66.929, 66.929, 39.37, 39.37, 90],
		[2, "H1_1", -187.126, 98.15, "B", "DIP", "$1N244", "", "R", 66.929, 66.929, 39.37, 39.37, 90],
		[3, "H1_2", -187.126, 198.15, "T", "DIP", "$1N239", "", "C", 66.929, 66.929, 39.37, 39.37, 90],
		[4, "H1_2", -187.126, 198.15, "B", "DIP", "$1N239", "", "C", 66.929, 66.929, 39.37, 39.37, 90],
		[5, "LED1_1", 190, 195, "T", "DIP", "$1N239", "", "C", 62.992, 62.992, 39.37, 39.37, 90],
		[6, "LED1_1", 190, 195, "B", "DIP", "$1N239", "", "C", 62.992, 62.992, 39.37, 39.37, 90],
		[7, "LED1_2", 190, 95, "T", "DIP", "$1N244", "", "C", 62.992, 62.992, 39.37, 39.37, 90],
		[8, "LED1_2", 190, 95, "B", "DIP", "$1N244", "", "C", 62.992, 62.992, 39.37, 39.37, 90],
		[9, "PAD1_1", -187.126, 98.15, "T", "DIP", "$1N244", "", "R", 66.929, 66.929, 39.37, 39.37, 90],
		[10, "PAD1_1", -187.126, 98.15, "B", "DIP", "$1N244", "", "R", 66.929, 66.929, 39.37, 39.37, 90],
		[11, "PAD2_2", -187.126, 198.15, "T", "DIP", "$1N239", "", "C", 66.929, 66.929, 39.37, 39.37, 90],
		[12, "PAD2_2", -187.126, 198.15, "B", "DIP", "$1N239", "", "C", 66.929, 66.929, 39.37, 39.37, 90],
		[13, "PAD3_2", 190, 95, "T", "DIP", "$1N244", "", "C", 62.992, 62.992, 39.37, 39.37, 90],
		[14, "PAD3_2", 190, 95, "B", "DIP", "$1N244", "", "C", 62.992, 62.992, 39.37, 39.37, 90],
		[15, "PAD4_1", 190, 195, "T", "DIP", "$1N239", "", "C", 62.992, 62.992, 39.37, 39.37, 90],
		[16, "PAD4_1", 190, 195, "B", "DIP", "$1N239", "", "C", 62.992, 62.992, 39.37, 39.37, 90]
	]
}
}