{
"lengthUnit": "mil",
"remark": [],
"components": {
	"fields": ["COMPONENT_NO", "COMPONENT_NAME", "LAYER", "X_COORDINATE", "Y_COORDINATE", "ANGLE"],
	"rows": [
		[1, "H1", "T", 120, -250, 270],
		[2, "LED1", "T", 845, -250, 90],
		[3, "R1", "T", 440, -300, 0],
		[4, "PAD1", "T", 120, -200, 0],
		[5, "PAD1", "B", 120, -200, 0],
		[6, "PAD2", "T", 120, -300, 0],
		[7, "PAD2", "B", 120, -300, 0],
		[8, "PAD3", "T", 845, -300, 0],
		[9, "PAD3", "B", 845, -300, 0],
		[10, "PAD4", "T", 845, -200, 0],
		[11, "PAD4", "B", 845, -200, 0],
		[12, "PAD5", "T", 298.27, -300, 0],
		[13, "PAD5", "B", 298.27, -300, 0],
		[14, "PAD6", "T", 581.73, -300, 0],
		[15, "PAD6", "B", 581.73, -300, 0]
	]
},
"pins": {
	"fields": ["PIN_NO", "PIN_NAME", "PIN_X", "PIN_Y", "LAYER", "PIN_TYPE", "NET_NAME", "NET_TYPE", "PAD_SHAPE", "PAD_SIZEX", "PAD_SIZEY", "HOLE_SIZE", "HOLE_LEN", "PAD_ANGLE"],
	"rows": [
		[1, "H1_1", 120, -200, "T", "DIP", "$1N287", "", "R", 66.929, 66.929, 39.37, 39.37, 270],
		[2, "H1_1", 120, -200, "B", "DIP", "$1N287", "", "R", 66.929, 66.929, 39.37, 39.37, 270],
		[3, "H1_2", 120, -300, "T", "DIP", "$1N346", "", "C", 66.929, 66.929, 39.37, 39.37, 270],
		[4, "H1_2", 120, -300, "B", "DIP", "$1N346", "", "C", 66.929, 66.929, 39.37, 39.37, 270],
		[5, "LED1_1", 845, -300, "T", "DIP", "$1N292", "", "C", 60, 60, 35.434, 35.434, 90],
		[6, "LED1_1", 845, -300, "B", "DIP", "$1N292", "", "C", 60, 60, 35.434, 35.434, 90],
		[7, "LED1_2", 845, -200, "T", "DIP", "$1N287", "", "C", 60, 60, 35.434, 35.434, 90],
		[8, "LED1_2", 845, -200, "B", "DIP", "$1N287", "", "C", 60, 60, 35.434, 35.434, 90],
		[9, "R1_1", 298.27, -300, "T", "DIP", "$1N346", "", "C", 47.244, 47.244, 31.496, 31.496, 0],
		[10, "R1_1", 298.27, -300, "B", "DIP", "$1N346", "", "C", 47.244, 47.244, 31.496, 31.496, 0],
		[11, "R1_2", 581.73, -300, "T", "DIP", "$1N292", "", "C", 47.244, 47.244, 31.496, 31.496, 0],
		[12, "R1_2", 581.73, -300, "B", "DIP", "$1N292", "", "C", 47.244, 47.244, 31.496, 31.496, 0],
		[13, "PAD1_1", 120, -200, "T", "DIP", "$1N287", "", "R", 66.929, 66.929, 39.37, 39.37, 270],
		[14, "PAD1_1", 120, -200, "B", "DIP", "$1N287", "", "R", 66.929, 66.929, 39.37, 39.37, 270],
		[15, "PAD2_2", 120, -300, "T", "DIP", "$1N346", "", "C", 66.929, 66.929, 39.37, 39.37, 270],
		[16, "PAD2_2", 120, -300, "B", "DIP", "$1N346", "", "C", 66.929, 66.929, 39.37, 39.37, 270],
		[17, "PAD3_1", 845, -300, "T", "DIP", "$1N292", "", "C", 60, 60, 35.434, 35.434, 90],
		[18, "PAD3_1", 845, -300, "B", "DIP", "$1N292", "", "C", 60, 60, 35.434, 35.434, 90],
		[19, "PAD4_2", 845, -200, "T", "DIP", "$1N287", "", "C", 60, 60, 35.434, 35.434, 90],
		[20, "PAD4_2", 845, -200, "B", "DIP", "$1N287", "", "C", 60, 60, 35.434, 35.434, 90],
		[21, "PAD5_1", 298.27, -300, "T", "DIP", "$1N346", "", "C", 47.244, 47.244, 31.496, 31.496, 0],
		[22, "PAD5_1", 298.27, -300, "B", "DIP", "$1N346", "", "C", 47.244, 47.244, 31.496, 31.496, 0],
		[23, "PAD6_2", 581.73, -300, "T", "DIP", "$1N292", "", "C", 47.244, 47.244, 31.496, 31.496, 0],
		[24, "PAD6_2", 581.73, -300, "B", "DIP", "$1N292", "", "C", 47.244, 47.244, 31.496, 31.496, 0]
	]
}
}