{
"lengthUnit": "mil",
"remark": [],
"components": {
	"fields": ["COMPONENT_NO", "COMPONENT_NAME", "LAYER", "X_COORDINATE", "Y_COORDINATE", "ANGLE"],
	"rows": [
		[1, "C2", "T", 420, -945, 90],
		[2, "H2", "T", 100, -480, 90],
		[3, "LED2", "T", 1025, -485, 90],
		[4, "Q1", "T", 730, -550, 180],
		[5, "R2", "T", 420, -625, 0],
		[6, "R3", "T", 415, -530, 0],
		[7, "SW2", "T", 125, -835, 270],
		[8, "PAD1", "T", 680, -550, 0],
		[9, "PAD1", "B", 680, -550, 0],
		[10, "PAD2", "T", 730, -550, 0],
		[11, "PAD2", "B", 730, -550, 0],
		[12, "PAD3", "T", 780, -550, 0],
		[13, "PAD3", "B", 780, -550, 0],
		[14, "PAD4", "T", 420, -995, 0],
		[15, "PAD4", "B", 420, -995, 0],
		[16, "PAD5", "T", 420, -895, 0],
		[17, "PAD5", "B", 420, -895, 0],
		[18, "PAD6", "T", 100, -530, 0],
		[19, "PAD6", "B", 100, -530, 0],
		[20, "PAD7", "T", 100, -430, 0],
		[21, "PAD7", "B", 100, -430, 0],
		[22, "PAD8", "T", 1025, -535, 0],
		[23, "PAD8", "B", 1025, -535, 0],
		[24, "PAD9", "T", 1025, -435, 0],
		[25, "PAD9", "B", 1025, -435, 0],
		[26, "PAD10", "T", 278.27, -625, 0],
		[27, "PAD10", "B", 278.27, -625, 0],
		[28, "PAD11", "T", 561.73, -625, 0],
		[29, "PAD11", "B", 561.73, -625, 0],
		[30, "PAD12", "T", 273.27, -530, 0],
		[31, "PAD12", "B", 273.27, -530, 0],
		[32, "PAD13", "T", 556.73, -530, 0],
		[33, "PAD13", "B", 556.73, -530, 0],
		[34, "PAD14", "T", 201.77, -707.05, 0],
		[35, "PAD14", "B", 201.77, -707.05, 0],
		[36, "PAD15", "T", 48.23, -962.95, 0],
		[37, "PAD15", "B", 48.23, -962.95, 0]
	]
},
"pins": {
	"fields": ["PIN_NO", "PIN_NAME", "PIN_X", "PIN_Y", "LAYER", "PIN_TYPE", "NET_NAME", "NET_TYPE", "PAD_SHAPE", "PAD_SIZEX", "PAD_SIZEY", "HOLE_SIZE", "HOLE_LEN", "PAD_ANGLE"],
	"rows": [
		[1, "C2_1", 420, -995, "T", "DIP", "$1N787", "", "C", 62.992, 62.992, 39.37, 39.37, 90],
		[2, "C2_1", 420, -995, "B", "DIP", "$1N787", "", "C", 62.992, 62.992, 39.37, 39.37, 90],
		[3, "C2_2", 420, -895, "T", "DIP", "$1N824", "", "C", 62.992, 62.992, 39.37, 39.37, 90],
		[4, "C2_2", 420, -895, "B", "DIP", "$1N824", "", "C", 62.992, 62.992, 39.37, 39.37, 90],
		[5, "H2_1", 100, -530, "T", "DIP", "$1N784", "", "R", 66.929, 66.929, 39.37, 39.37, 90],
		[6, "H2_1", 100, -530, "B", "DIP", "$1N784", "", "R", 66.929, 66.929, 39.37, 39.37, 90],
		[7, "H2_2", 100, -430, "T", "DIP", "$1N786", "", "C", 66.929, 66.929, 39.37, 39.37, 90],
		[8, "H2_2", 100, -430, "B", "DIP", "$1N786", "", "C", 66.929, 66.929, 39.37, 39.37, 90],
		[9, "LED2_1", 1025, -535, "T", "DIP", "$1N826", "", "C", 60, 60, 35.434, 35.434, 90],
		[10, "LED2_1", 1025, -535, "B", "DIP", "$1N826", "", "C", 60, 60, 35.434, 35.434, 90],
		[11, "LED2_2", 1025, -435, "T", "DIP", "$1N786", "", "C", 60, 60, 35.434, 35.434, 90],
		[12, "LED2_2", 1025, -435, "B", "DIP", "$1N786", "", "C", 60, 60, 35.434, 35.434, 90],
		[13, "Q1_1", 780, -550, "T", "DIP", "$1N824", "", "R", 35.433, 62.992, 27.56, 27.56, 180],
		[14, "Q1_1", 780, -550, "B", "DIP", "$1N824", "", "R", 35.433, 62.992, 27.56, 27.56, 180],
		[15, "Q1_2", 730, -550, "T", "DIP", "$1N826", "", "O", 35.433, 62.992, 27.56, 27.56, 180],
		[16, "Q1_2", 730, -550, "B", "DIP", "$1N826", "", "O", 35.433, 62.992, 27.56, 27.56, 180],
		[17, "Q1_3", 680, -550, "T", "DIP", "$1N784", "", "O", 35.433, 62.992, 27.56, 27.56, 180],
		[18, "Q1_3", 680, -550, "B", "DIP", "$1N784", "", "O", 35.433, 62.992, 27.56, 27.56, 180],
		[19, "R2_1", 278.27, -625, "T", "DIP", "$1N824", "", "C", 47.244, 47.244, 31.496, 31.496, 0],
		[20, "R2_1", 278.27, -625, "B", "DIP", "$1N824", "", "C", 47.244, 47.244, 31.496, 31.496, 0],
		[21, "R2_2", 561.73, -625, "T", "DIP", "$1N787", "", "C", 47.244, 47.244, 31.496, 31.496, 0],
		[22, "R2_2", 561.73, -625, "B", "DIP", "$1N787", "", "C", 47.244, 47.244, 31.496, 31.496, 0],
		[23, "R3_1", 273.27, -530, "T", "DIP", "$1N784", "", "C", 47.244, 47.244, 31.496, 31.496, 0],
		[24, "R3_1", 273.27, -530, "B", "DIP", "$1N784", "", "C", 47.244, 47.244, 31.496, 31.496, 0],
		[25, "R3_2", 556.73, -530, "T", "DIP", "$1N785", "", "C", 47.244, 47.244, 31.496, 31.496, 0],
		[26, "R3_2", 556.73, -530, "B", "DIP", "$1N785", "", "C", 47.244, 47.244, 31.496, 31.496, 0],
		[27, "SW2_1", 201.77, -707.05, "T", "DIP", "$1N785", "", "C", 78.74, 78.74, 47.24, 47.24, 90],
		[28, "SW2_1", 201.77, -707.05, "B", "DIP", "$1N785", "", "C", 78.74, 78.74, 47.24, 47.24, 90],
		[29, "SW2_2", 201.77, -962.95, "T", "DIP", "NET_1", "", "C", 78.74, 78.74, 47.24, 47.24, 90],
		[30, "SW2_2", 201.77, -962.95, "B", "DIP", "NET_1", "", "C", 78.74, 78.74, 47.24, 47.24, 90],
		[31, "SW2_3", 48.23, -707.05, "T", "DIP", "NET_2", "", "C", 78.74, 78.74, 47.24, 47.24, 90],
		[32, "SW2_3", 48.23, -707.05, "B", "DIP", "NET_2", "", "C", 78.74, 78.74, 47.24, 47.24, 90],
		[33, "SW2_4", 48.23, -962.95, "T", "DIP", "$1N787", "", "C", 78.74, 78.74, 47.24, 47.24, 90],
		[34, "SW2_4", 48.23, -962.95, "B", "DIP", "$1N787", "", "C", 78.74, 78.74, 47.24, 47.24, 90],
		[35, "PAD1_3", 680, -550, "T", "DIP", "$1N784", "", "O", 35.433, 62.992, 27.56, 27.56, 180],
		[36, "PAD1_3", 680, -550, "B", "DIP", "$1N784", "", "O", 35.433, 62.992, 27.56, 27.56, 180],
		[37, "PAD2_2", 730, -550, "T", "DIP", "$1N826", "", "O", 35.433, 62.992, 27.56, 27.56, 180],
		[38, "PAD2_2", 730, -550, "B", "DIP", "$1N826", "", "O", 35.433, 62.992, 27.56, 27.56, 180],
		[39, "PAD3_1", 780, -550, "T", "DIP", "$1N824", "", "R", 35.433, 62.992, 27.56, 27.56, 180],
		[40, "PAD3_1", 780, -550, "B", "DIP", "$1N824", "", "R", 35.433, 62.992, 27.56, 27.56, 180],
		[41, "PAD4_1", 420, -995, "T", "DIP", "$1N787", "", "C", 62.992, 62.992, 39.37, 39.37, 90],
		[42, "PAD4_1", 420, -995, "B", "DIP", "$1N787", "", "C", 62.992, 62.992, 39.37, 39.37, 90],
		[43, "PAD5_2", 420, -895, "T", "DIP", "$1N824", "", "C", 62.992, 62.992, 39.37, 39.37, 90],
		[44, "PAD5_2", 420, -895, "B", "DIP", "$1N824", "", "C", 62.992, 62.992, 39.37, 39.37, 90],
		[45, "PAD6_1", 100, -530, "T", "DIP", "$1N784", "", "R", 66.929, 66.929, 39.37, 39.37, 90],
		[46, "PAD6_1", 100, -530, "B", "DIP", "$1N784", "", "R", 66.929, 66.929, 39.37, 39.37, 90],
		[47, "PAD7_2", 100, -430, "T", "DIP", "$1N786", "", "C", 66.929, 66.929, 39.37, 39.37, 90],
		[48, "PAD7_2", 100, -430, "B", "DIP", "$1N786", "", "C", 66.929, 66.929, 39.37, 39.37, 90],
		[49, "PAD8_1", 1025, -535, "T", "DIP", "$1N826", "", "C", 60, 60, 35.434, 35.434, 90],
		[50, "PAD8_1", 1025, -535, "B", "DIP", "$1N826", "", "C", 60, 60, 35.434, 35.434, 90],
		[51, "PAD9_2", 1025, -435, "T", "DIP", "$1N786", "", "C", 60, 60, 35.434, 35.434, 90],
		[52, "PAD9_2", 1025, -435, "B", "DIP", "$1N786", "", "C", 60, 60, 35.434, 35.434, 90],
		[53, "PAD10_1", 278.27, -625, "T", "DIP", "$1N824", "", "C", 47.244, 47.244, 31.496, 31.496, 0],
		[54, "PAD10_1", 278.27, -625, "B", "DIP", "$1N824", "", "C", 47.244, 47.244, 31.496, 31.496, 0],
		[55, "PAD11_2", 561.73, -625, "T", "DIP", "$1N787", "", "C", 47.244, 47.244, 31.496, 31.496, 0],
		[56, "PAD11_2", 561.73, -625, "B", "DIP", "$1N787", "", "C", 47.244, 47.244, 31.496, 31.496, 0],
		[57, "PAD12_1", 273.27, -530, "T", "DIP", "$1N784", "", "C", 47.244, 47.244, 31.496, 31.496, 0],
		[58, "PAD12_1", 273.27, -530, "B", "DIP", "$1N784", "", "C", 47.244, 47.244, 31.496, 31.496, 0],
		[59, "PAD13_2", 556.73, -530, "T", "DIP", "$1N785", "", "C", 47.244, 47.244, 31.496, 31.496, 0],
		[60, "PAD13_2", 556.73, -530, "B", "DIP", "$1N785", "", "C", 47.244, 47.244, 31.496, 31.496, 0],
		[61, "PAD14_1", 201.77, -707.05, "T", "DIP", "$1N785", "", "C", 78.74, 78.74, 47.24, 47.24, 90],
		[62, "PAD14_1", 201.77, -707.05, "B", "DIP", "$1N785", "", "C", 78.74, 78.74, 47.24, 47.24, 90],
		[63, "PAD15_4", 48.23, -962.95, "T", "DIP", "$1N787", "", "C", 78.74, 78.74, 47.24, 47.24, 90],
		[64, "PAD15_4", 48.23, -962.95, "B", "DIP", "$1N787", "", "C", 78.74, 78.74, 47.24, 47.24, 90]
	]
}
}