{
"lengthUnit": "mil",
"remark": [],
"components": {
	"fields": ["COMPONENT_NO", "COMPONENT_NAME", "LAYER", "X_COORDINATE", "Y_COORDINATE", "ANGLE"],
	"rows": [
		[1, "C1", "T", 425, -770, 90],
		[2, "H1", "T", 112.874, -326.1337, 90],
		[3, "LED1", "T", 760, -325, 90],
		[4, "R1", "T", 415, -375, 0],
		[5, "R2", "T", 415, -465, 180],
		[6, "SW1", "T", 125, -705, 270],
		[7, "PAD1", "T", 425, -820, 0],
		[8, "PAD1", "B", 425, -820, 0],
		[9, "PAD2", "T", 425, -720, 0],
		[10, "PAD2", "B", 425, -720, 0],
		[11, "PAD3", "T", 112.874, -376.1337, 0],
		[12, "PAD3", "B", 112.874, -376.1337, 0],
		[13, "PAD4", "T", 112.874, -276.1337, 0],
		[14, "PAD4", "B", 112.874, -276.1337, 0],
		[15, "PAD5", "T", 760, -375, 0],
		[16, "PAD5", "B", 760, -375, 0],
		[17, "PAD6", "T", 760, -275, 0],
		[18, "PAD6", "B", 760, -275, 0],
		[19, "PAD7", "T", 273.27, -375, 0],
		[20, "PAD7", "B", 273.27, -375, 0],
		[21, "PAD8", "T", 556.73, -375, 0],
		[22, "PAD8", "B", 556.73, -375, 0],
		[23, "PAD9", "T", 201.77, -577.05, 0],
		[24, "PAD9", "B", 201.77, -577.05, 0],
		[25, "PAD10", "T", 48.23, -832.95, 0],
		[26, "PAD10", "B", 48.23, -832.95, 0],
		[27, "PAD11", "T", 556.73, -465, 0],
		[28, "PAD11", "B", 556.73, -465, 0],
		[29, "PAD12", "T", 273.27, -465, 0],
		[30, "PAD12", "B", 273.27, -465, 0]
	]
},
"pins": {
	"fields": ["PIN_NO", "PIN_NAME", "PIN_X", "PIN_Y", "LAYER", "PIN_TYPE", "NET_NAME", "NET_TYPE", "PAD_SHAPE", "PAD_SIZEX", "PAD_SIZEY", "HOLE_SIZE", "HOLE_LEN", "PAD_ANGLE"],
	"rows": [
		[1, "C1_1", 425, -820, "T", "DIP", "$1N591", "", "C", 62.992, 62.992, 39.37, 39.37, 90],
		[2, "C1_1", 425, -820, "B", "DIP", "$1N591", "", "C", 62.992, 62.992, 39.37, 39.37, 90],
		[3, "C1_2", 425, -720, "T", "DIP", "$1N595", "", "C", 62.992, 62.992, 39.37, 39.37, 90],
		[4, "C1_2", 425, -720, "B", "DIP", "$1N595", "", "C", 62.992, 62.992, 39.37, 39.37, 90],
		[5, "H1_1", 112.874, -376.1337, "T", "DIP", "$1N309", "", "R", 66.929, 66.929, 39.37, 39.37, 90],
		[6, "H1_1", 112.874, -376.1337, "B", "DIP", "$1N309", "", "R", 66.929, 66.929, 39.37, 39.37, 90],
		[7, "H1_2", 112.874, -276.1337, "T", "DIP", "$1N569", "", "C", 66.929, 66.929, 39.37, 39.37, 90],
		[8, "H1_2", 112.874, -276.1337, "B", "DIP", "$1N569", "", "C", 66.929, 66.929, 39.37, 39.37, 90],
		[9, "LED1_1", 760, -375, "T", "DIP", "$1N595", "", "C", 60, 60, 35.434, 35.434, 90],
		[10, "LED1_1", 760, -375, "B", "DIP", "$1N595", "", "C", 60, 60, 35.434, 35.434, 90],
		[11, "LED1_2", 760, -275, "T", "DIP", "$1N569", "", "C", 60, 60, 35.434, 35.434, 90],
		[12, "LED1_2", 760, -275, "B", "DIP", "$1N569", "", "C", 60, 60, 35.434, 35.434, 90],
		[13, "R1_1", 273.27, -375, "T", "DIP", "$1N309", "", "C", 47.244, 47.244, 31.496, 31.496, 0],
		[14, "R1_1", 273.27, -375, "B", "DIP", "$1N309", "", "C", 47.244, 47.244, 31.496, 31.496, 0],
		[15, "R1_2", 556.73, -375, "T", "DIP", "$1N349", "", "C", 47.244, 47.244, 31.496, 31.496, 0],
		[16, "R1_2", 556.73, -375, "B", "DIP", "$1N349", "", "C", 47.244, 47.244, 31.496, 31.496, 0],
		[17, "R2_1", 556.73, -465, "T", "DIP", "$1N595", "", "C", 47.244, 47.244, 31.496, 31.496, 180],
		[18, "R2_1", 556.73, -465, "B", "DIP", "$1N595", "", "C", 47.244, 47.244, 31.496, 31.496, 180],
		[19, "R2_2", 273.27, -465, "T", "DIP", "$1N591", "", "C", 47.244, 47.244, 31.496, 31.496, 180],
		[20, "R2_2", 273.27, -465, "B", "DIP", "$1N591", "", "C", 47.244, 47.244, 31.496, 31.496, 180],
		[21, "SW1_1", 201.77, -577.05, "T", "DIP", "$1N349", "", "C", 78.74, 78.74, 47.24, 47.24, 90],
		[22, "SW1_1", 201.77, -577.05, "B", "DIP", "$1N349", "", "C", 78.74, 78.74, 47.24, 47.24, 90],
		[23, "SW1_2", 201.77, -832.95, "T", "DIP", "NET_1", "", "C", 78.74, 78.74, 47.24, 47.24, 90],
		[24, "SW1_2", 201.77, -832.95, "B", "DIP", "NET_1", "", "C", 78.74, 78.74, 47.24, 47.24, 90],
		[25, "SW1_3", 48.23, -577.05, "T", "DIP", "NET_2", "", "C", 78.74, 78.74, 47.24, 47.24, 90],
		[26, "SW1_3", 48.23, -577.05, "B", "DIP", "NET_2", "", "C", 78.74, 78.74, 47.24, 47.24, 90],
		[27, "SW1_4", 48.23, -832.95, "T", "DIP", "$1N591", "", "C", 78.74, 78.74, 47.24, 47.24, 90],
		[28, "SW1_4", 48.23, -832.95, "B", "DIP", "$1N591", "", "C", 78.74, 78.74, 47.24, 47.24, 90],
		[29, "PAD1_1", 425, -820, "T", "DIP", "$1N591", "", "C", 62.992, 62.992, 39.37, 39.37, 90],
		[30, "PAD1_1", 425, -820, "B", "DIP", "$1N591", "", "C", 62.992, 62.992, 39.37, 39.37, 90],
		[31, "PAD2_2", 425, -720, "T", "DIP", "$1N595", "", "C", 62.992, 62.992, 39.37, 39.37, 90],
		[32, "PAD2_2", 425, -720, "B", "DIP", "$1N595", "", "C", 62.992, 62.992, 39.37, 39.37, 90],
		[33, "PAD3_1", 112.874, -376.1337, "T", "DIP", "$1N309", "", "R", 66.929, 66.929, 39.37, 39.37, 90],
		[34, "PAD3_1", 112.874, -376.1337, "B", "DIP", "$1N309", "", "R", 66.929, 66.929, 39.37, 39.37, 90],
		[35, "PAD4_2", 112.874, -276.1337, "T", "DIP", "$1N569", "", "C", 66.929, 66.929, 39.37, 39.37, 90],
		[36, "PAD4_2", 112.874, -276.1337, "B", "DIP", "$1N569", "", "C", 66.929, 66.929, 39.37, 39.37, 90],
		[37, "PAD5_1", 760, -375, "T", "DIP", "$1N595", "", "C", 60, 60, 35.434, 35.434, 90],
		[38, "PAD5_1", 760, -375, "B", "DIP", "$1N595", "", "C", 60, 60, 35.434, 35.434, 90],
		[39, "PAD6_2", 760, -275, "T", "DIP", "$1N569", "", "C", 60, 60, 35.434, 35.434, 90],
		[40, "PAD6_2", 760, -275, "B", "DIP", "$1N569", "", "C", 60, 60, 35.434, 35.434, 90],
		[41, "PAD7_1", 273.27, -375, "T", "DIP", "$1N309", "", "C", 47.244, 47.244, 31.496, 31.496, 0],
		[42, "PAD7_1", 273.27, -375, "B", "DIP", "$1N309", "", "C", 47.244, 47.244, 31.496, 31.496, 0],
		[43, "PAD8_2", 556.73, -375, "T", "DIP", "$1N349", "", "C", 47.244, 47.244, 31.496, 31.496, 0],
		[44, "PAD8_2", 556.73, -375, "B", "DIP", "$1N349", "", "C", 47.244, 47.244, 31.496, 31.496, 0],
		[45, "PAD9_1", 201.77, -577.05, "T", "DIP", "$1N349", "", "C", 78.74, 78.74, 47.24, 47.24, 90],
		[46, "PAD9_1", 201.77, -577.05, "B", "DIP", "$1N349", "", "C", 78.74, 78.74, 47.24, 47.24, 90],
		[47, "PAD10_4", 48.23, -832.95, "T", "DIP", "$1N591", "", "C", 78.74, 78.74, 47.24, 47.24, 90],
		[48, "PAD10_4", 48.23, -832.95, "B", "DIP", "$1N591", "", "C", 78.74, 78.74, 47.24, 47.24, 90],
		[49, "PAD11_1", 556.73, -465, "T", "DIP", "$1N595", "", "C", 47.244, 47.244, 31.496, 31.496, 180],
		[50, "PAD11_1", 556.73, -465, "B", "DIP", "$1N595", "", "C", 47.244, 47.244, 31.496, 31.496, 180],
		[51, "PAD12_2", 273.27, -465, "T", "DIP", "$1N591", "", "C", 47.244, 47.244, 31.496, 31.496, 180],
		[52, "PAD12_2", 273.27, -465, "B", "DIP", "$1N591", "", "C", 47.244, 47.244, 31.496, 31.496, 180]
	]
}
}