{
"lengthUnit": "mil",
"remark": [],
"components": {
	"fields": ["COMPONENT_NO", "COMPONENT_NAME", "LAYER", "X_COORDINATE", "Y_COORDINATE", "ANGLE"],
	"rows": [
		[1, "C1", "T", 285, -690, 0],
		[2, "C2", "T", 515, -685, 0],
		[3, "H1", "T", 835, -915, 270],
		[4, "LED1", "T", 240, -420, 270],
		[5, "LED2", "T", 540, -405, 270],
		[6, "Q1", "T", 550, -965, 180],
		[7, "Q2", "T", 290, -955, 180],
		[8, "R1", "T", 250, -115, 90],
		[9, "R2", "T", 335, -115, 90],
		[10, "R3", "T", 420, -115, 90],
		[11, "R4", "T", 505, -115, 90],
		[12, "SW1", "T", 840, -495, 90],
		[13, "PAD1", "T", 245.63, -690, 0],
		[14, "PAD1", "B", 245.63, -690, 0],
		[15, "PAD2", "T", 324.37, -690, 0],
		[16, "PAD2", "B", 324.37, -690, 0],
		[17, "PAD3", "T", 475.63, -685, 0],
		[18, "PAD3", "B", 475.63, -685, 0],
		[19, "PAD4", "T", 554.37, -685, 0],
		[20, "PAD4", "B", 554.37, -685, 0],
		[21, "PAD5", "T", 835, -865, 0],
		[22, "PAD5", "B", 835, -865, 0],
		[23, "PAD6", "T", 835, -965, 0],
		[24, "PAD6", "B", 835, -965, 0],
		[25, "PAD7", "T", 500, -965, 0],
		[26, "PAD7", "B", 500, -965, 0],
		[27, "PAD8", "T", 550, -965, 0],
		[28, "PAD8", "B", 550, -965, 0],
		[29, "PAD9", "T", 600, -965, 0],
		[30, "PAD9", "B", 600, -965, 0],
		[31, "PAD10", "T", 240, -955, 0],
		[32, "PAD10", "B", 240, -955, 0],
		[33, "PAD11", "T", 290, -955, 0],
		[34, "PAD11", "B", 290, -955, 0],
		[35, "PAD12", "T", 340, -955, 0],
		[36, "PAD12", "B", 340, -955, 0],
		[37, "PAD13", "T", 250, -256.73, 0],
		[38, "PAD13", "B", 250, -256.73, 0],
		[39, "PAD14", "T", 250, 26.73, 0],
		[40, "PAD14", "B", 250, 26.73, 0],
		[41, "PAD15", "T", 335, -256.73, 0],
		[42, "PAD15", "B", 335, -256.73, 0],
		[43, "PAD16", "T", 335, 26.73, 0],
		[44, "PAD16", "B", 335, 26.73, 0],
		[45, "PAD17", "T", 420, -256.73, 0],
		[46, "PAD17", "B", 420, -256.73, 0],
		[47, "PAD18", "T", 420, 26.73, 0],
		[48, "PAD18", "B", 420, 26.73, 0],
		[49, "PAD19", "T", 505, -256.73, 0],
		[50, "PAD19", "B", 505, -256.73, 0],
		[51, "PAD20", "T", 505, 26.73, 0],
		[52, "PAD20", "B", 505, 26.73, 0],
		[53, "PAD21", "T", 839.998, -416.26, 0],
		[54, "PAD21", "B", 839.998, -416.26, 0],
		[55, "PAD22", "T", 839.998, -495, 0],
		[56, "PAD22", "B", 839.998, -495, 0],
		[57, "PAD23", "T", 240, -370, 0],
		[58, "PAD23", "B", 240, -370, 0],
		[59, "PAD24", "T", 240, -470, 0],
		[60, "PAD24", "B", 240, -470, 0],
		[61, "PAD25", "T", 540, -355, 0],
		[62, "PAD25", "B", 540, -355, 0],
		[63, "PAD26", "T", 540, -455, 0],
		[64, "PAD26", "B", 540, -455, 0]
	]
},
"pins": {
	"fields": ["PIN_NO", "PIN_NAME", "PIN_X", "PIN_Y", "LAYER", "PIN_TYPE", "NET_NAME", "NET_TYPE", "PAD_SHAPE", "PAD_SIZEX", "PAD_SIZEY", "HOLE_SIZE", "HOLE_LEN", "PAD_ANGLE"],
	"rows": [
		[1, "C1_1", 245.63, -690, "T", "DIP", "$1N608", "", "C", 51.181, 51.181, 31.496, 31.496, 0],
		[2, "C1_1", 245.63, -690, "B", "DIP", "$1N608", "", "C", 51.181, 51.181, 31.496, 31.496, 0],
		[3, "C1_2", 324.37, -690, "T", "DIP", "$1N645", "", "C", 51.181, 51.181, 31.496, 31.496, 0],
		[4, "C1_2", 324.37, -690, "B", "DIP", "$1N645", "", "C", 51.181, 51.181, 31.496, 31.496, 0],
		[5, "C2_1", 475.63, -685, "T", "DIP", "$1N661", "", "C", 51.181, 51.181, 31.496, 31.496, 0],
		[6, "C2_1", 475.63, -685, "B", "DIP", "$1N661", "", "C", 51.181, 51.181, 31.496, 31.496, 0],
		[7, "C2_2", 554.37, -685, "T", "DIP", "$1N649", "", "C", 51.181, 51.181, 31.496, 31.496, 0],
		[8, "C2_2", 554.37, -685, "B", "DIP", "$1N649", "", "C", 51.181, 51.181, 31.496, 31.496, 0],
		[9, "H1_1", 835, -865, "T", "DIP", "$1N597", "", "R", 66.929, 66.929, 39.37, 39.37, 270],
		[10, "H1_1", 835, -865, "B", "DIP", "$1N597", "", "R", 66.929, 66.929, 39.37, 39.37, 270],
		[11, "H1_2", 835, -965, "T", "DIP", "$1N601", "", "C", 66.929, 66.929, 39.37, 39.37, 270],
		[12, "H1_2", 835, -965, "B", "DIP", "$1N601", "", "C", 66.929, 66.929, 39.37, 39.37, 270],
		[13, "LED1_1", 240, -370, "T", "DIP", "$1N742", "", "C", 60, 60, 35.434, 35.434, 270],
		[14, "LED1_1", 240, -370, "B", "DIP", "$1N742", "", "C", 60, 60, 35.434, 35.434, 270],
		[15, "LED1_2", 240, -470, "T", "DIP", "$1N608", "", "C", 60, 60, 35.434, 35.434, 270],
		[16, "LED1_2", 240, -470, "B", "DIP", "$1N608", "", "C", 60, 60, 35.434, 35.434, 270],
		[17, "LED2_1", 540, -355, "T", "DIP", "$1N774", "", "C", 60, 60, 35.434, 35.434, 270],
		[18, "LED2_1", 540, -355, "B", "DIP", "$1N774", "", "C", 60, 60, 35.434, 35.434, 270],
		[19, "LED2_2", 540, -455, "T", "DIP", "$1N661", "", "C", 60, 60, 35.434, 35.434, 270],
		[20, "LED2_2", 540, -455, "B", "DIP", "$1N661", "", "C", 60, 60, 35.434, 35.434, 270],
		[21, "Q1_1", 600, -965, "T", "DIP", "$1N645", "", "R", 35.433, 62.992, 27.56, 27.56, 180],
		[22, "Q1_1", 600, -965, "B", "DIP", "$1N645", "", "R", 35.433, 62.992, 27.56, 27.56, 180],
		[23, "Q1_2", 550, -965, "T", "DIP", "$1N601", "", "O", 35.433, 62.992, 27.56, 27.56, 180],
		[24, "Q1_2", 550, -965, "B", "DIP", "$1N601", "", "O", 35.433, 62.992, 27.56, 27.56, 180],
		[25, "Q1_3", 500, -965, "T", "DIP", "$1N661", "", "O", 35.433, 62.992, 27.56, 27.56, 180],
		[26, "Q1_3", 500, -965, "B", "DIP", "$1N661", "", "O", 35.433, 62.992, 27.56, 27.56, 180],
		[27, "Q2_1", 340, -955, "T", "DIP", "$1N649", "", "R", 35.433, 62.992, 27.56, 27.56, 180],
		[28, "Q2_1", 340, -955, "B", "DIP", "$1N649", "", "R", 35.433, 62.992, 27.56, 27.56, 180],
		[29, "Q2_2", 290, -955, "T", "DIP", "$1N601", "", "O", 35.433, 62.992, 27.56, 27.56, 180],
		[30, "Q2_2", 290, -955, "B", "DIP", "$1N601", "", "O", 35.433, 62.992, 27.56, 27.56, 180],
		[31, "Q2_3", 240, -955, "T", "DIP", "$1N608", "", "O", 35.433, 62.992, 27.56, 27.56, 180],
		[32, "Q2_3", 240, -955, "B", "DIP", "$1N608", "", "O", 35.433, 62.992, 27.56, 27.56, 180],
		[33, "R1_1", 250, -256.73, "T", "DIP", "$1N742", "", "C", 47.244, 47.244, 31.496, 31.496, 90],
		[34, "R1_1", 250, -256.73, "B", "DIP", "$1N742", "", "C", 47.244, 47.244, 31.496, 31.496, 90],
		[35, "R1_2", 250, 26.73, "T", "DIP", "$1N617", "", "C", 47.244, 47.244, 31.496, 31.496, 90],
		[36, "R1_2", 250, 26.73, "B", "DIP", "$1N617", "", "C", 47.244, 47.244, 31.496, 31.496, 90],
		[37, "R2_1", 335, -256.73, "T", "DIP", "$1N645", "", "C", 47.244, 47.244, 31.496, 31.496, 90],
		[38, "R2_1", 335, -256.73, "B", "DIP", "$1N645", "", "C", 47.244, 47.244, 31.496, 31.496, 90],
		[39, "R2_2", 335, 26.73, "T", "DIP", "$1N617", "", "C", 47.244, 47.244, 31.496, 31.496, 90],
		[40, "R2_2", 335, 26.73, "B", "DIP", "$1N617", "", "C", 47.244, 47.244, 31.496, 31.496, 90],
		[41, "R3_1", 420, -256.73, "T", "DIP", "$1N649", "", "C", 47.244, 47.244, 31.496, 31.496, 90],
		[42, "R3_1", 420, -256.73, "B", "DIP", "$1N649", "", "C", 47.244, 47.244, 31.496, 31.496, 90],
		[43, "R3_2", 420, 26.73, "T", "DIP", "$1N617", "", "C", 47.244, 47.244, 31.496, 31.496, 90],
		[44, "R3_2", 420, 26.73, "B", "DIP", "$1N617", "", "C", 47.244, 47.244, 31.496, 31.496, 90],
		[45, "R4_1", 505, -256.73, "T", "DIP", "$1N774", "", "C", 47.244, 47.244, 31.496, 31.496, 90],
		[46, "R4_1", 505, -256.73, "B", "DIP", "$1N774", "", "C", 47.244, 47.244, 31.496, 31.496, 90],
		[47, "R4_2", 505, 26.73, "T", "DIP", "$1N617", "", "C", 47.244, 47.244, 31.496, 31.496, 90],
		[48, "R4_2", 505, 26.73, "B", "DIP", "$1N617", "", "C", 47.244, 47.244, 31.496, 31.496, 90],
		[49, "SW1_1", 839.998, -573.74, "T", "DIP", "NET_1", "", "O", 62.99, 62.992, 39.37, 39.37, 90],
		[50, "SW1_1", 839.998, -573.74, "B", "DIP", "NET_1", "", "O", 62.99, 62.992, 39.37, 39.37, 90],
		[51, "SW1_2", 839.998, -495, "T", "DIP", "$1N597", "", "O", 62.99, 62.992, 39.37, 39.37, 90],
		[52, "SW1_2", 839.998, -495, "B", "DIP", "$1N597", "", "O", 62.99, 62.992, 39.37, 39.37, 90],
		[53, "SW1_3", 839.998, -416.26, "T", "DIP", "$1N617", "", "O", 62.99, 62.992, 39.37, 39.37, 90],
		[54, "SW1_3", 839.998, -416.26, "B", "DIP", "$1N617", "", "O", 62.99, 62.992, 39.37, 39.37, 90],
		[55, "SW1_4", 839.998, -331.61, "T", "DIP", "NET_2", "", "O", 102.362, 78.74, 39.37, 55.118, 360],
		[56, "SW1_4", 839.998, -331.61, "B", "DIP", "NET_2", "", "O", 102.362, 78.74, 39.37, 55.118, 360],
		[57, "SW1_5", 839.998, -658.39, "T", "DIP", "NET_3", "", "O", 102.362, 78.74, 39.37, 55.118, 360],
		[58, "SW1_5", 839.998, -658.39, "B", "DIP", "NET_3", "", "O", 102.362, 78.74, 39.37, 55.118, 360],
		[59, "PAD1_1", 245.63, -690, "T", "DIP", "$1N608", "", "C", 51.181, 51.181, 31.496, 31.496, 0],
		[60, "PAD1_1", 245.63, -690, "B", "DIP", "$1N608", "", "C", 51.181, 51.181, 31.496, 31.496, 0],
		[61, "PAD2_2", 324.37, -690, "T", "DIP", "$1N645", "", "C", 51.181, 51.181, 31.496, 31.496, 0],
		[62, "PAD2_2", 324.37, -690, "B", "DIP", "$1N645", "", "C", 51.181, 51.181, 31.496, 31.496, 0],
		[63, "PAD3_1", 475.63, -685, "T", "DIP", "$1N661", "", "C", 51.181, 51.181, 31.496, 31.496, 0],
		[64, "PAD3_1", 475.63, -685, "B", "DIP", "$1N661", "", "C", 51.181, 51.181, 31.496, 31.496, 0],
		[65, "PAD4_2", 554.37, -685, "T", "DIP", "$1N649", "", "C", 51.181, 51.181, 31.496, 31.496, 0],
		[66, "PAD4_2", 554.37, -685, "B", "DIP", "$1N649", "", "C", 51.181, 51.181, 31.496, 31.496, 0],
		[67, "PAD5_1", 835, -865, "T", "DIP", "$1N597", "", "R", 66.929, 66.929, 39.37, 39.37, 270],
		[68, "PAD5_1", 835, -865, "B", "DIP", "$1N597", "", "R", 66.929, 66.929, 39.37, 39.37, 270],
		[69, "PAD6_2", 835, -965, "T", "DIP", "$1N601", "", "C", 66.929, 66.929, 39.37, 39.37, 270],
		[70, "PAD6_2", 835, -965, "B", "DIP", "$1N601", "", "C", 66.929, 66.929, 39.37, 39.37, 270],
		[71, "PAD7_3", 500, -965, "T", "DIP", "$1N661", "", "O", 35.433, 62.992, 27.56, 27.56, 180],
		[72, "PAD7_3", 500, -965, "B", "DIP", "$1N661", "", "O", 35.433, 62.992, 27.56, 27.56, 180],
		[73, "PAD8_2", 550, -965, "T", "DIP", "$1N601", "", "O", 35.433, 62.992, 27.56, 27.56, 180],
		[74, "PAD8_2", 550, -965, "B", "DIP", "$1N601", "", "O", 35.433, 62.992, 27.56, 27.56, 180],
		[75, "PAD9_1", 600, -965, "T", "DIP", "$1N645", "", "R", 35.433, 62.992, 27.56, 27.56, 180],
		[76, "PAD9_1", 600, -965, "B", "DIP", "$1N645", "", "R", 35.433, 62.992, 27.56, 27.56, 180],
		[77, "PAD10_3", 240, -955, "T", "DIP", "$1N608", "", "O", 35.433, 62.992, 27.56, 27.56, 180],
		[78, "PAD10_3", 240, -955, "B", "DIP", "$1N608", "", "O", 35.433, 62.992, 27.56, 27.56, 180],
		[79, "PAD11_2", 290, -955, "T", "DIP", "$1N601", "", "O", 35.433, 62.992, 27.56, 27.56, 180],
		[80, "PAD11_2", 290, -955, "B", "DIP", "$1N601", "", "O", 35.433, 62.992, 27.56, 27.56, 180],
		[81, "PAD12_1", 340, -955, "T", "DIP", "$1N649", "", "R", 35.433, 62.992, 27.56, 27.56, 180],
		[82, "PAD12_1", 340, -955, "B", "DIP", "$1N649", "", "R", 35.433, 62.992, 27.56, 27.56, 180],
		[83, "PAD13_1", 250, -256.73, "T", "DIP", "$1N742", "", "C", 47.244, 47.244, 31.496, 31.496, 90],
		[84, "PAD13_1", 250, -256.73, "B", "DIP", "$1N742", "", "C", 47.244, 47.244, 31.496, 31.496, 90],
		[85, "PAD14_2", 250, 26.73, "T", "DIP", "$1N617", "", "C", 47.244, 47.244, 31.496, 31.496, 90],
		[86, "PAD14_2", 250, 26.73, "B", "DIP", "$1N617", "", "C", 47.244, 47.244, 31.496, 31.496, 90],
		[87, "PAD15_1", 335, -256.73, "T", "DIP", "$1N645", "", "C", 47.244, 47.244, 31.496, 31.496, 90],
		[88, "PAD15_1", 335, -256.73, "B", "DIP", "$1N645", "", "C", 47.244, 47.244, 31.496, 31.496, 90],
		[89, "PAD16_2", 335, 26.73, "T", "DIP", "$1N617", "", "C", 47.244, 47.244, 31.496, 31.496, 90],
		[90, "PAD16_2", 335, 26.73, "B", "DIP", "$1N617", "", "C", 47.244, 47.244, 31.496, 31.496, 90],
		[91, "PAD17_1", 420, -256.73, "T", "DIP", "$1N649", "", "C", 47.244, 47.244, 31.496, 31.496, 90],
		[92, "PAD17_1", 420, -256.73, "B", "DIP", "$1N649", "", "C", 47.244, 47.244, 31.496, 31.496, 90],
		[93, "PAD18_2", 420, 26.73, "T", "DIP", "$1N617", "", "C", 47.244, 47.244, 31.496, 31.496, 90],
		[94, "PAD18_2", 420, 26.73, "B", "DIP", "$1N617", "", "C", 47.244, 47.244, 31.496, 31.496, 90],
		[95, "PAD19_1", 505, -256.73, "T", "DIP", "$1N774", "", "C", 47.244, 47.244, 31.496, 31.496, 90],
		[96, "PAD19_1", 505, -256.73, "B", "DIP", "$1N774", "", "C", 47.244, 47.244, 31.496, 31.496, 90],
		[97, "PAD20_2", 505, 26.73, "T", "DIP", "$1N617", "", "C", 47.244, 47.244, 31.496, 31.496, 90],
		[98, "PAD20_2", 505, 26.73, "B", "DIP", "$1N617", "", "C", 47.244, 47.244, 31.496, 31.496, 90],
		[99, "PAD21_3", 839.998, -416.26, "T", "DIP", "$1N617", "", "O", 62.99, 62.992, 39.37, 39.37, 90],
		[100, "PAD21_3", 839.998, -416.26, "B", "DIP", "$1N617", "", "O", 62.99, 62.992, 39.37, 39.37, 90],
		[101, "PAD22_2", 839.998, -495, "T", "DIP", "$1N597", "", "O", 62.99, 62.992, 39.37, 39.37, 90],
		[102, "PAD22_2", 839.998, -495, "B", "DIP", "$1N597", "", "O", 62.99, 62.992, 39.37, 39.37, 90],
		[103, "PAD23_1", 240, -370, "T", "DIP", "$1N742", "", "C", 60, 60, 35.434, 35.434, 270],
		[104, "PAD23_1", 240, -370, "B", "DIP", "$1N742", "", "C", 60, 60, 35.434, 35.434, 270],
		[105, "PAD24_2", 240, -470, "T", "DIP", "$1N608", "", "C", 60, 60, 35.434, 35.434, 270],
		[106, "PAD24_2", 240, -470, "B", "DIP", "$1N608", "", "C", 60, 60, 35.434, 35.434, 270],
		[107, "PAD25_1", 540, -355, "T", "DIP", "$1N774", "", "C", 60, 60, 35.434, 35.434, 270],
		[108, "PAD25_1", 540, -355, "B", "DIP", "$1N774", "", "C", 60, 60, 35.434, 35.434, 270],
		[109, "PAD26_2", 540, -455, "T", "DIP", "$1N661", "", "C", 60, 60, 35.434, 35.434, 270],
		[110, "PAD26_2", 540, -455, "B", "DIP", "$1N661", "", "C", 60, 60, 35.434, 35.434, 270]
	]
}
}